id,title,link,subject,broadCategory,difficulty,testType,source,isPracticeTest
SAT-BB-4,Bluebook Test #4,,"Practice Test","Practice Test",Medium,SAT,Bluebook,TRUE
SAT-BB-5,Bluebook Test #5,,"Practice Test","Practice Test",Medium,SAT,Bluebook,TRUE
SAT-BB-6,Bluebook Test #6,,"Practice Test","Practice Test",Medium,SAT,Bluebook,TRUE
SAT-BB-7,Bluebook Test #7,,"Practice Test","Practice Test",Medium,SAT,Bluebook,TRUE
SAT-BB-8,Bluebook Test #8,,"Practice Test","Practice Test",Medium,SAT,Bluebook,TRUE
SAT-BB-9,Bluebook Test #9,,"Practice Test","Practice Test",Medium,SAT,Bluebook,TRUE
SAT-BB-10,Bluebook Test #10,,"Practice Test","Practice Test",Medium,SAT,Bluebook,TRUE
SAT-TI-1,"Test Innovators Test #1",,"Practice Test","Practice Test",Medium,SAT,"Test Innovators",TRUE
SAT-TI-2,"Test Innovators Test #2",,"Practice Test","Practice Test",Medium,SAT,"Test Innovators",TRUE
1,"Linear Functions Medium 1-14.pdf",https://drive.google.com/file/d/1E32xGIJsB4qvbq_8SH9a5cu0prfvC654/view?usp=drivesdk,Algebra,Math,Medium,SAT,"Google Drive",FALSE
9,"Systems of two linear equations in two variables Medium 1-9.pdf",https://drive.google.com/file/d/1Z94IeibGckVUQC59h3l4eP3LzaTvpc--/view?usp=drivesdk,Algebra,Math,Medium,SAT,"Google Drive",FALSE
25,"Area and Volume Medium 1-8.pdf",https://drive.google.com/file/d/1GQKoV7GKhwT7afA4UtKuXACLOelF8c9_/view?usp=drivesdk,"Geometry and Trigonometry",Math,Medium,SAT,"Google Drive",FALSE
37,"Ratios, rates, proportional relationships, and units Medium 1-13.pdf",https://drive.google.com/file/d/1Pa1KquaPRIvtu7bElUZME8mE9feJ32S1/view?usp=drivesdk,"Problem Solving and Data Analysis",Math,Medium,SAT,"Google Drive",FALSE
138,"Words in Context Difficult 1-28.pdf",https://drive.google.com/file/d/1ZC7L0QBGkG-oJYgQetb92KSpy-0tM3uJ/view?usp=drivesdk,"Words in Context","Reading & Writing",Hard,SAT,"Google Drive",FALSE
139,"Words in Context Medium 1-29.pdf",https://drive.google.com/file/d/1f-KMqm2hjFBL0IuB2F4ANKf7GrPYreWt/view?usp=drivesdk,"Words in Context","Reading & Writing",Medium,SAT,"Google Drive",FALSE
148,"Form, Structure, and Sense Difficult 12-22.pdf",https://drive.google.com/file/d/1E7h-IBTsSvRfNamnBskmvYX2Dc9Xqf3Y/view?usp=drivesdk,"Form, Structure, and Sense","Reading & Writing",Hard,SAT,"Google Drive",FALSE
217,"Command of Evidence: Textual Medium 1-12",https://testinnovators.com/sat/web-app/#!/question-banks/1#11,"Command of Evidence: Textual","Reading & Writing",Medium,SAT,"Test Innovators",FALSE
226,"Text Structure and Purpose Medium 1-17",https://testinnovators.com/sat/web-app/#!/question-banks/1#20,"Text Structure and Purpose","Reading & Writing",Medium,SAT,"Test Innovators",FALSE
291,"Equivalent expressions Hard 1-21",https://testinnovators.com/sat/web-app/#!/question-banks/1#85,"Equivalent expressions",Math,Hard,SAT,"Test Innovators",FALSE
292,"Equivalent expressions Medium 1-15",https://testinnovators.com/sat/web-app/#!/question-banks/1#86,"Equivalent expressions",Math,Medium,SAT,"Test Innovators",FALSE
314,"Synonyms (p. 51)",,"Verbal Reasoning","Verbal Reasoning",Easy,"Upper Level ISEE",Tutorverse,FALSE
320,"Sentence Completion Double Blank (pp. 75-79)",,"Verbal Reasoning","Verbal Reasoning",Easy,"Upper Level ISEE",Tutorverse,FALSE
321,"Narrative Passages (pp. 82-99)",,"Reading Comprehension","Reading Comprehension",Easy,"Upper Level ISEE",Tutorverse,FALSE
325,"Arithmetic (pp. 154-155)",,Math,Math,Easy,"Upper Level ISEE",Tutorverse,FALSE
